ProductKey,Product_Item_Code,Product Category,Product Subcategory,Product Name,Product Model,Product Line,Product Colour,Product Size,Status
1,AR-5381,NULL,NULL,Adjustable Race,NULL,NULL,NA,NULL,Current
2,BA-8327,NULL,NULL,Bearing Ball,NULL,NULL,NA,NULL,Current
3,BE-2349,NULL,NULL,BB Ball Bearing,NULL,NULL,NA,NULL,Current
4,BE-2908,NULL,NULL,Headset Ball Bearings,NULL,NULL,NA,NULL,Current
5,BL-2036,NULL,NULL,Blade,NULL,NULL,NA,NULL,Current
6,CA-5965,NULL,NULL,LL Crankarm,NULL,NULL,Black,NULL,Current
7,CA-6738,NULL,NULL,ML Crankarm,NULL,NULL,Black,NULL,Current
8,CA-7457,NULL,NULL,HL Crankarm,NULL,NULL,Black,NULL,Current
9,CB-2903,NULL,NULL,Chainring Bolts,NULL,NULL,Silver,NULL,Current
10,CN-6137,NULL,NULL,Chainring Nut,NULL,NULL,Silver,NULL,Current
11,CR-7833,NULL,NULL,Chainring,NULL,NULL,Black,NULL,Current
12,CR-9981,NULL,NULL,Crown Race,NULL,NULL,NA,NULL,Current
13,CS-2812,NULL,NULL,Chain Stays,NULL,NULL,NA,NULL,Current
14,DC-8732,NULL,NULL,Decal 1,NULL,NULL,NA,NULL,Current
15,DC-9824,NULL,NULL,Decal 2,NULL,NULL,NA,NULL,Current
16,DT-2377,NULL,NULL,Down Tube,NULL,NULL,NA,NULL,Current
17,EC-M092,NULL,NULL,Mountain End Caps,NULL,NULL,NA,NULL,Current
18,EC-R098,NULL,NULL,Road End Caps,NULL,NULL,NA,NULL,Current
19,EC-T209,NULL,NULL,Touring End Caps,NULL,NULL,NA,NULL,Current
20,FE-3760,NULL,NULL,Fork End,NULL,NULL,NA,NULL,Current
21,FH-2981,NULL,NULL,Freewheel,NULL,NULL,Silver,NULL,Current
22,FW-1000,NULL,NULL,Flat Washer 1,NULL,NULL,NA,NULL,Current
23,FW-1200,NULL,NULL,Flat Washer 6,NULL,NULL,NA,NULL,Current
24,FW-1400,NULL,NULL,Flat Washer 2,NULL,NULL,NA,NULL,Current
25,FW-3400,NULL,NULL,Flat Washer 9,NULL,NULL,NA,NULL,Current
26,FW-3800,NULL,NULL,Flat Washer 4,NULL,NULL,NA,NULL,Current
27,FW-5160,NULL,NULL,Flat Washer 3,NULL,NULL,NA,NULL,Current
28,FW-5800,NULL,NULL,Flat Washer 8,NULL,NULL,NA,NULL,Current
29,FW-7160,NULL,NULL,Flat Washer 5,NULL,NULL,NA,NULL,Current
30,FW-9160,NULL,NULL,Flat Washer 7,NULL,NULL,NA,NULL,Current
31,FC-3654,NULL,NULL,Fork Crown,NULL,NULL,NA,NULL,Current
32,FC-3982,NULL,NULL,Front Derailleur Cage,NULL,NULL,Silver,NULL,Current
33,FL-2301,NULL,NULL,Front Derailleur Linkage,NULL,NULL,Silver,NULL,Current
34,GP-0982,NULL,NULL,Guide Pulley,NULL,NULL,NA,NULL,Current
35,GT-0820,NULL,NULL,LL Grip Tape,NULL,NULL,NA,NULL,Current
36,GT-1209,NULL,NULL,ML Grip Tape,NULL,NULL,NA,NULL,Current
37,GT-2908,NULL,NULL,HL Grip Tape,NULL,NULL,NA,NULL,Current
38,HJ-1213,NULL,NULL,Thin-Jam Hex Nut 9,NULL,NULL,NA,NULL,Current
39,HJ-1220,NULL,NULL,Thin-Jam Hex Nut 10,NULL,NULL,NA,NULL,Current
40,HJ-1420,NULL,NULL,Thin-Jam Hex Nut 1,NULL,NULL,NA,NULL,Current
41,HJ-1428,NULL,NULL,Thin-Jam Hex Nut 2,NULL,NULL,NA,NULL,Current
42,HJ-3410,NULL,NULL,Thin-Jam Hex Nut 15,NULL,NULL,NA,NULL,Current
43,HJ-3416,NULL,NULL,Thin-Jam Hex Nut 16,NULL,NULL,NA,NULL,Current
44,HJ-3816,NULL,NULL,Thin-Jam Hex Nut 5,NULL,NULL,NA,NULL,Current
45,HJ-3824,NULL,NULL,Thin-Jam Hex Nut 6,NULL,NULL,NA,NULL,Current
46,HJ-5161,NULL,NULL,Thin-Jam Hex Nut 3,NULL,NULL,NA,NULL,Current
47,HJ-5162,NULL,NULL,Thin-Jam Hex Nut 4,NULL,NULL,NA,NULL,Current
48,HJ-5811,NULL,NULL,Thin-Jam Hex Nut 13,NULL,NULL,NA,NULL,Current
49,HJ-5818,NULL,NULL,Thin-Jam Hex Nut 14,NULL,NULL,NA,NULL,Current
50,HJ-7161,NULL,NULL,Thin-Jam Hex Nut 7,NULL,NULL,NA,NULL,Current
51,HJ-7162,NULL,NULL,Thin-Jam Hex Nut 8,NULL,NULL,NA,NULL,Current
52,HJ-9080,NULL,NULL,Thin-Jam Hex Nut 12,NULL,NULL,NA,NULL,Current
53,HJ-9161,NULL,NULL,Thin-Jam Hex Nut 11,NULL,NULL,NA,NULL,Current
54,HN-1024,NULL,NULL,Hex Nut 5,NULL,NULL,NA,NULL,Current
55,HN-1032,NULL,NULL,Hex Nut 6,NULL,NULL,NA,NULL,Current
56,HN-1213,NULL,NULL,Hex Nut 16,NULL,NULL,NA,NULL,Current
57,HN-1220,NULL,NULL,Hex Nut 17,NULL,NULL,NA,NULL,Current
58,HN-1224,NULL,NULL,Hex Nut 7,NULL,NULL,NA,NULL,Current
59,HN-1420,NULL,NULL,Hex Nut 8,NULL,NULL,NA,NULL,Current
60,HN-1428,NULL,NULL,Hex Nut 9,NULL,NULL,NA,NULL,Current
61,HN-3410,NULL,NULL,Hex Nut 22,NULL,NULL,NA,NULL,Current
62,HN-3416,NULL,NULL,Hex Nut 23,NULL,NULL,NA,NULL,Current
63,HN-3816,NULL,NULL,Hex Nut 12,NULL,NULL,NA,NULL,Current
64,HN-3824,NULL,NULL,Hex Nut 13,NULL,NULL,NA,NULL,Current
65,HN-4402,NULL,NULL,Hex Nut 1,NULL,NULL,NA,NULL,Current
66,HN-5161,NULL,NULL,Hex Nut 10,NULL,NULL,NA,NULL,Current
67,HN-5162,NULL,NULL,Hex Nut 11,NULL,NULL,NA,NULL,Current
68,HN-5400,NULL,NULL,Hex Nut 2,NULL,NULL,NA,NULL,Current
69,HN-5811,NULL,NULL,Hex Nut 20,NULL,NULL,NA,NULL,Current
70,HN-5818,NULL,NULL,Hex Nut 21,NULL,NULL,NA,NULL,Current
71,HN-6320,NULL,NULL,Hex Nut 3,NULL,NULL,NA,NULL,Current
72,HN-7161,NULL,NULL,Hex Nut 14,NULL,NULL,NA,NULL,Current
73,HN-7162,NULL,NULL,Hex Nut 15,NULL,NULL,NA,NULL,Current
74,HN-8320,NULL,NULL,Hex Nut 4,NULL,NULL,NA,NULL,Current
75,HN-9161,NULL,NULL,Hex Nut 18,NULL,NULL,NA,NULL,Current
76,HN-9168,NULL,NULL,Hex Nut 19,NULL,NULL,NA,NULL,Current
77,HT-2981,NULL,NULL,Handlebar Tube,NULL,NULL,NA,NULL,Current
78,HT-8019,NULL,NULL,Head Tube,NULL,NULL,NA,NULL,Current
79,HU-6280,NULL,NULL,LL Hub,NULL,NULL,NA,NULL,Current
80,HU-8998,NULL,NULL,HL Hub,NULL,NULL,NA,NULL,Current
81,KW-4091,NULL,NULL,Keyed Washer,NULL,NULL,NA,NULL,Current
82,LE-1000,NULL,NULL,External Lock Washer 3,NULL,NULL,NA,NULL,Current
83,LE-1200,NULL,NULL,External Lock Washer 4,NULL,NULL,NA,NULL,Current
84,LE-1201,NULL,NULL,External Lock Washer 9,NULL,NULL,NA,NULL,Current
85,LE-1400,NULL,NULL,External Lock Washer 5,NULL,NULL,NA,NULL,Current
86,LE-3800,NULL,NULL,External Lock Washer 7,NULL,NULL,NA,NULL,Current
87,LE-5160,NULL,NULL,External Lock Washer 6,NULL,NULL,NA,NULL,Current
88,LE-6000,NULL,NULL,External Lock Washer 1,NULL,NULL,NA,NULL,Current
89,LE-7160,NULL,NULL,External Lock Washer 8,NULL,NULL,NA,NULL,Current
90,LE-8000,NULL,NULL,External Lock Washer 2,NULL,NULL,NA,NULL,Current
91,LI-1000,NULL,NULL,Internal Lock Washer 3,NULL,NULL,NA,NULL,Current
92,LI-1200,NULL,NULL,Internal Lock Washer 4,NULL,NULL,NA,NULL,Current
93,LI-1201,NULL,NULL,Internal Lock Washer 9,NULL,NULL,NA,NULL,Current
94,LI-1400,NULL,NULL,Internal Lock Washer 5,NULL,NULL,NA,NULL,Current
95,LI-3800,NULL,NULL,Internal Lock Washer 7,NULL,NULL,NA,NULL,Current
96,LI-5160,NULL,NULL,Internal Lock Washer 6,NULL,NULL,NA,NULL,Current
97,LI-5800,NULL,NULL,Internal Lock Washer 10,NULL,NULL,NA,NULL,Current
98,LI-6000,NULL,NULL,Internal Lock Washer 1,NULL,NULL,NA,NULL,Current
99,LI-7160,NULL,NULL,Internal Lock Washer 8,NULL,NULL,NA,NULL,Current
100,LI-8000,NULL,NULL,Internal Lock Washer 2,NULL,NULL,NA,NULL,Current
101,LJ-1213,NULL,NULL,Thin-Jam Lock Nut 9,NULL,NULL,NA,NULL,Current
102,LJ-1220,NULL,NULL,Thin-Jam Lock Nut 10,NULL,NULL,NA,NULL,Current
103,LJ-1420,NULL,NULL,Thin-Jam Lock Nut 1,NULL,NULL,NA,NULL,Current
104,LJ-1428,NULL,NULL,Thin-Jam Lock Nut 2,NULL,NULL,NA,NULL,Current
105,LJ-3410,NULL,NULL,Thin-Jam Lock Nut 15,NULL,NULL,NA,NULL,Current
106,LJ-3416,NULL,NULL,Thin-Jam Lock Nut 16,NULL,NULL,NA,NULL,Current
107,LJ-3816,NULL,NULL,Thin-Jam Lock Nut 5,NULL,NULL,NA,NULL,Current
108,LJ-3824,NULL,NULL,Thin-Jam Lock Nut 6,NULL,NULL,NA,NULL,Current
109,LJ-5161,NULL,NULL,Thin-Jam Lock Nut 3,NULL,NULL,NA,NULL,Current
110,LJ-5162,NULL,NULL,Thin-Jam Lock Nut 4,NULL,NULL,NA,NULL,Current
111,LJ-5811,NULL,NULL,Thin-Jam Lock Nut 13,NULL,NULL,NA,NULL,Current
112,LJ-5818,NULL,NULL,Thin-Jam Lock Nut 14,NULL,NULL,NA,NULL,Current
113,LJ-7161,NULL,NULL,Thin-Jam Lock Nut 7,NULL,NULL,NA,NULL,Current
114,LJ-7162,NULL,NULL,Thin-Jam Lock Nut 8,NULL,NULL,NA,NULL,Current
115,LJ-9080,NULL,NULL,Thin-Jam Lock Nut 12,NULL,NULL,NA,NULL,Current
116,LJ-9161,NULL,NULL,Thin-Jam Lock Nut 11,NULL,NULL,NA,NULL,Current
117,LN-1024,NULL,NULL,Lock Nut 5,NULL,NULL,NA,NULL,Current
118,LN-1032,NULL,NULL,Lock Nut 6,NULL,NULL,NA,NULL,Current
119,LN-1213,NULL,NULL,Lock Nut 16,NULL,NULL,NA,NULL,Current
120,LN-1220,NULL,NULL,Lock Nut 17,NULL,NULL,NA,NULL,Current
121,LN-1224,NULL,NULL,Lock Nut 7,NULL,NULL,NA,NULL,Current
122,LN-1420,NULL,NULL,Lock Nut 8,NULL,NULL,NA,NULL,Current
123,LN-1428,NULL,NULL,Lock Nut 9,NULL,NULL,NA,NULL,Current
124,LN-3410,NULL,NULL,Lock Nut 22,NULL,NULL,NA,NULL,Current
125,LN-3416,NULL,NULL,Lock Nut 23,NULL,NULL,NA,NULL,Current
126,LN-3816,NULL,NULL,Lock Nut 12,NULL,NULL,NA,NULL,Current
127,LN-3824,NULL,NULL,Lock Nut 13,NULL,NULL,NA,NULL,Current
128,LN-4400,NULL,NULL,Lock Nut 1,NULL,NULL,NA,NULL,Current
129,LN-5161,NULL,NULL,Lock Nut 10,NULL,NULL,NA,NULL,Current
130,LN-5162,NULL,NULL,Lock Nut 11,NULL,NULL,NA,NULL,Current
131,LN-5400,NULL,NULL,Lock Nut 2,NULL,NULL,NA,NULL,Current
132,LN-5811,NULL,NULL,Lock Nut 20,NULL,NULL,NA,NULL,Current
133,LN-5818,NULL,NULL,Lock Nut 21,NULL,NULL,NA,NULL,Current
134,LN-6320,NULL,NULL,Lock Nut 3,NULL,NULL,NA,NULL,Current
135,LN-7161,NULL,NULL,Lock Nut 14,NULL,NULL,NA,NULL,Current
136,LN-7162,NULL,NULL,Lock Nut 15,NULL,NULL,NA,NULL,Current
137,LN-8320,NULL,NULL,Lock Nut 4,NULL,NULL,NA,NULL,Current
138,LN-9080,NULL,NULL,Lock Nut 19,NULL,NULL,NA,NULL,Current
139,LN-9161,NULL,NULL,Lock Nut 18,NULL,NULL,NA,NULL,Current
140,LR-2398,NULL,NULL,Lock Ring,NULL,NULL,Silver,NULL,Current
141,LR-8520,NULL,NULL,Lower Head Race,NULL,NULL,NA,NULL,Current
142,LW-1000,NULL,NULL,Lock Washer 4,NULL,NULL,NA,NULL,Current
143,LW-1200,NULL,NULL,Lock Washer 5,NULL,NULL,NA,NULL,Current
144,LW-1201,NULL,NULL,Lock Washer 10,NULL,NULL,NA,NULL,Current
145,LW-1400,NULL,NULL,Lock Washer 6,NULL,NULL,NA,NULL,Current
146,LW-3400,NULL,NULL,Lock Washer 13,NULL,NULL,NA,NULL,Current
147,LW-3800,NULL,NULL,Lock Washer 8,NULL,NULL,NA,NULL,Current
148,LW-4000,NULL,NULL,Lock Washer 1,NULL,NULL,NA,NULL,Current
149,LW-5160,NULL,NULL,Lock Washer 7,NULL,NULL,NA,NULL,Current
150,LW-5800,NULL,NULL,Lock Washer 12,NULL,NULL,NA,NULL,Current
151,LW-6000,NULL,NULL,Lock Washer 2,NULL,NULL,NA,NULL,Current
152,LW-7160,NULL,NULL,Lock Washer 9,NULL,NULL,NA,NULL,Current
153,LW-8000,NULL,NULL,Lock Washer 3,NULL,NULL,NA,NULL,Current
154,LW-9160,NULL,NULL,Lock Washer 11,NULL,NULL,NA,NULL,Current
155,MA-7075,NULL,NULL,Metal Angle,NULL,NULL,NA,NULL,Current
156,MB-2024,NULL,NULL,Metal Bar 1,NULL,NULL,NA,NULL,Current
157,MB-6061,NULL,NULL,Metal Bar 2,NULL,NULL,NA,NULL,Current
158,MP-2066,NULL,NULL,Metal Plate 2,NULL,NULL,NA,NULL,Current
159,MP-2503,NULL,NULL,Metal Plate 1,NULL,NULL,NA,NULL,Current
160,MP-4960,NULL,NULL,Metal Plate 3,NULL,NULL,NA,NULL,Current
161,MS-0253,NULL,NULL,Metal Sheet 2,NULL,NULL,NA,NULL,Current
162,MS-1256,NULL,NULL,Metal Sheet 3,NULL,NULL,NA,NULL,Current
163,MS-1981,NULL,NULL,Metal Sheet 7,NULL,NULL,NA,NULL,Current
164,MS-2259,NULL,NULL,Metal Sheet 4,NULL,NULL,NA,NULL,Current
165,MS-2341,NULL,NULL,Metal Sheet 5,NULL,NULL,NA,NULL,Current
166,MS-2348,NULL,NULL,Metal Sheet 6,NULL,NULL,NA,NULL,Current
167,MS-6061,NULL,NULL,Metal Sheet 1,NULL,NULL,NA,NULL,Current
168,MT-1000,NULL,NULL,Metal Tread Plate,NULL,NULL,NA,NULL,Current
169,NI-4127,NULL,NULL,LL Nipple,NULL,NULL,NA,NULL,Current
170,NI-9522,NULL,NULL,HL Nipple,NULL,NULL,NA,NULL,Current
171,PA-187B,NULL,NULL,Paint - Black,NULL,NULL,NA,NULL,Current
172,PA-361R,NULL,NULL,Paint - Red,NULL,NULL,NA,NULL,Current
173,PA-529S,NULL,NULL,Paint - Silver,NULL,NULL,NA,NULL,Current
174,PA-632U,NULL,NULL,Paint - Blue,NULL,NULL,NA,NULL,Current
175,PA-823Y,NULL,NULL,Paint - Yellow,NULL,NULL,NA,NULL,Current
176,PB-6109,NULL,NULL,Pinch Bolt,NULL,NULL,NA,NULL,Current
177,RA-2345,NULL,NULL,Cup-Shaped Race,NULL,NULL,NA,NULL,Current
178,RA-7490,NULL,NULL,Cone-Shaped Race,NULL,NULL,NA,NULL,Current
179,RF-9198,NULL,NULL,Reflector,NULL,NULL,NA,NULL,Current
180,RM-M464,NULL,NULL,LL Mountain Rim,NULL,NULL,NA,NULL,Current
181,RM-M692,NULL,NULL,ML Mountain Rim,NULL,NULL,NA,NULL,Current
182,RM-M823,NULL,NULL,HL Mountain Rim,NULL,NULL,NA,NULL,Current
183,RM-R436,NULL,NULL,LL Road Rim,NULL,NULL,NA,NULL,Current
184,RM-R600,NULL,NULL,ML Road Rim,NULL,NULL,NA,NULL,Current
185,RM-R800,NULL,NULL,HL Road Rim,NULL,NULL,NA,NULL,Current
186,RM-T801,NULL,NULL,Touring Rim,NULL,NULL,NA,NULL,Current
187,SA-M198,NULL,NULL,LL Mountain Seat Assembly,NULL,NULL,NA,NULL,Current
188,SA-M237,NULL,NULL,ML Mountain Seat Assembly,NULL,NULL,NA,NULL,Current
189,SA-M687,NULL,NULL,HL Mountain Seat Assembly,NULL,NULL,NA,NULL,Current
190,SA-R127,NULL,NULL,LL Road Seat Assembly,NULL,NULL,NA,NULL,Current
191,SA-R430,NULL,NULL,ML Road Seat Assembly,NULL,NULL,NA,NULL,Current
192,SA-R522,NULL,NULL,HL Road Seat Assembly,NULL,NULL,NA,NULL,Current
193,SA-T467,NULL,NULL,LL Touring Seat Assembly,NULL,NULL,NA,NULL,Current
194,SA-T612,NULL,NULL,ML Touring Seat Assembly,NULL,NULL,NA,NULL,Current
195,SA-T872,NULL,NULL,HL Touring Seat Assembly,NULL,NULL,NA,NULL,Current
196,SD-2342,NULL,NULL,LL Spindle/Axle,NULL,NULL,NA,NULL,Current
197,SD-9872,NULL,NULL,HL Spindle/Axle,NULL,NULL,NA,NULL,Current
198,SH-4562,NULL,NULL,LL Shell,NULL,NULL,NA,NULL,Current
199,SH-9312,NULL,NULL,HL Shell,NULL,NULL,NA,NULL,Current
200,SK-9283,NULL,NULL,Spokes,NULL,NULL,NA,NULL,Current
201,SL-0931,NULL,NULL,Seat Lug,NULL,NULL,NA,NULL,Current
202,SM-9087,NULL,NULL,Stem,NULL,NULL,NA,NULL,Current
203,SP-2981,NULL,NULL,Seat Post,NULL,NULL,NA,NULL,Current
204,SR-2098,NULL,NULL,Steerer,NULL,NULL,NA,NULL,Current
205,SS-2985,NULL,NULL,Seat Stays,NULL,NULL,NA,NULL,Current
206,ST-9828,NULL,NULL,Seat Tube,NULL,NULL,NA,NULL,Current
207,TO-2301,NULL,NULL,Top Tube,NULL,NULL,NA,NULL,Current
208,TP-0923,NULL,NULL,Tension Pulley,NULL,NULL,NA,NULL,Current
209,RC-0291,NULL,NULL,Rear Derailleur Cage,NULL,NULL,Silver,NULL,Current
210,FR-R92B-58,Components,Road Frames,"HL Road Frame - Black, 58",HL Road Frame,"R ",Black,58,Current
211,FR-R92R-58,Components,Road Frames,"HL Road Frame - Red, 58",HL Road Frame,"R ",Red,58,Current
212,HL-U509-R,Accessories,Helmets,"Sport-100 Helmet, Red",Sport-100,"S ",Red,NULL,Outdate
213,HL-U509-R,Accessories,Helmets,"Sport-100 Helmet, Red",Sport-100,"S ",Red,NULL,Outdate
214,HL-U509-R,Accessories,Helmets,"Sport-100 Helmet, Red",Sport-100,"S ",Red,NULL,Current
215,HL-U509,Accessories,Helmets,"Sport-100 Helmet, Black",Sport-100,"S ",Black,NULL,Outdate
216,HL-U509,Accessories,Helmets,"Sport-100 Helmet, Black",Sport-100,"S ",Black,NULL,Outdate
217,HL-U509,Accessories,Helmets,"Sport-100 Helmet, Black",Sport-100,"S ",Black,NULL,Current
218,SO-B909-M,Clothing,Socks,"Mountain Bike Socks, M",Mountain Bike Socks,"M ",White,M,Outdate
219,SO-B909-L,Clothing,Socks,"Mountain Bike Socks, L",Mountain Bike Socks,"M ",White,L,Outdate
220,HL-U509-B,Accessories,Helmets,"Sport-100 Helmet, Blue",Sport-100,"S ",Blue,NULL,Outdate
221,HL-U509-B,Accessories,Helmets,"Sport-100 Helmet, Blue",Sport-100,"S ",Blue,NULL,Outdate
222,HL-U509-B,Accessories,Helmets,"Sport-100 Helmet, Blue",Sport-100,"S ",Blue,NULL,Current
223,CA-1098,Clothing,Caps,AWC Logo Cap,Cycling Cap,"S ",Multi,NULL,Outdate
224,CA-1098,Clothing,Caps,AWC Logo Cap,Cycling Cap,"S ",Multi,NULL,Outdate
225,CA-1098,Clothing,Caps,AWC Logo Cap,Cycling Cap,"S ",Multi,NULL,Current
226,LJ-0192-S,Clothing,Jerseys,"Long-Sleeve Logo Jersey, S",Long-Sleeve Logo Jersey,"S ",Multi,S,Outdate
227,LJ-0192-S,Clothing,Jerseys,"Long-Sleeve Logo Jersey, S",Long-Sleeve Logo Jersey,"S ",Multi,S,Outdate
228,LJ-0192-S,Clothing,Jerseys,"Long-Sleeve Logo Jersey, S",Long-Sleeve Logo Jersey,"S ",Multi,S,Current
229,LJ-0192-M,Clothing,Jerseys,"Long-Sleeve Logo Jersey, M",Long-Sleeve Logo Jersey,"S ",Multi,M,Outdate
230,LJ-0192-M,Clothing,Jerseys,"Long-Sleeve Logo Jersey, M",Long-Sleeve Logo Jersey,"S ",Multi,M,Outdate
231,LJ-0192-M,Clothing,Jerseys,"Long-Sleeve Logo Jersey, M",Long-Sleeve Logo Jersey,"S ",Multi,M,Current
232,LJ-0192-L,Clothing,Jerseys,"Long-Sleeve Logo Jersey, L",Long-Sleeve Logo Jersey,"S ",Multi,L,Outdate
233,LJ-0192-L,Clothing,Jerseys,"Long-Sleeve Logo Jersey, L",Long-Sleeve Logo Jersey,"S ",Multi,L,Outdate
234,LJ-0192-L,Clothing,Jerseys,"Long-Sleeve Logo Jersey, L",Long-Sleeve Logo Jersey,"S ",Multi,L,Current
235,LJ-0192-X,Clothing,Jerseys,"Long-Sleeve Logo Jersey, XL",Long-Sleeve Logo Jersey,"S ",Multi,XL,Outdate
236,LJ-0192-X,Clothing,Jerseys,"Long-Sleeve Logo Jersey, XL",Long-Sleeve Logo Jersey,"S ",Multi,XL,Outdate
237,LJ-0192-X,Clothing,Jerseys,"Long-Sleeve Logo Jersey, XL",Long-Sleeve Logo Jersey,"S ",Multi,XL,Current
238,FR-R92R-62,Components,Road Frames,"HL Road Frame - Red, 62",HL Road Frame,"R ",Red,62,Outdate
239,FR-R92R-62,Components,Road Frames,"HL Road Frame - Red, 62",HL Road Frame,"R ",Red,62,Outdate
240,FR-R92R-62,Components,Road Frames,"HL Road Frame - Red, 62",HL Road Frame,"R ",Red,62,Current
241,FR-R92R-44,Components,Road Frames,"HL Road Frame - Red, 44",HL Road Frame,"R ",Red,44,Outdate
242,FR-R92R-44,Components,Road Frames,"HL Road Frame - Red, 44",HL Road Frame,"R ",Red,44,Outdate
243,FR-R92R-44,Components,Road Frames,"HL Road Frame - Red, 44",HL Road Frame,"R ",Red,44,Current
244,FR-R92R-48,Components,Road Frames,"HL Road Frame - Red, 48",HL Road Frame,"R ",Red,48,Outdate
245,FR-R92R-48,Components,Road Frames,"HL Road Frame - Red, 48",HL Road Frame,"R ",Red,48,Outdate
246,FR-R92R-48,Components,Road Frames,"HL Road Frame - Red, 48",HL Road Frame,"R ",Red,48,Current
247,FR-R92R-52,Components,Road Frames,"HL Road Frame - Red, 52",HL Road Frame,"R ",Red,52,Outdate
248,FR-R92R-52,Components,Road Frames,"HL Road Frame - Red, 52",HL Road Frame,"R ",Red,52,Outdate
249,FR-R92R-52,Components,Road Frames,"HL Road Frame - Red, 52",HL Road Frame,"R ",Red,52,Current
250,FR-R92R-56,Components,Road Frames,"HL Road Frame - Red, 56",HL Road Frame,"R ",Red,56,Outdate
251,FR-R92R-56,Components,Road Frames,"HL Road Frame - Red, 56",HL Road Frame,"R ",Red,56,Outdate
252,FR-R92R-56,Components,Road Frames,"HL Road Frame - Red, 56",HL Road Frame,"R ",Red,56,Current
253,FR-R38B-58,Components,Road Frames,"LL Road Frame - Black, 58",LL Road Frame,"R ",Black,58,Outdate
254,FR-R38B-58,Components,Road Frames,"LL Road Frame - Black, 58",LL Road Frame,"R ",Black,58,Outdate
255,FR-R38B-58,Components,Road Frames,"LL Road Frame - Black, 58",LL Road Frame,"R ",Black,58,Current
256,FR-R38B-60,Components,Road Frames,"LL Road Frame - Black, 60",LL Road Frame,"R ",Black,60,Outdate
257,FR-R38B-60,Components,Road Frames,"LL Road Frame - Black, 60",LL Road Frame,"R ",Black,60,Outdate
258,FR-R38B-60,Components,Road Frames,"LL Road Frame - Black, 60",LL Road Frame,"R ",Black,60,Current
259,FR-R38B-62,Components,Road Frames,"LL Road Frame - Black, 62",LL Road Frame,"R ",Black,62,Outdate
260,FR-R38B-62,Components,Road Frames,"LL Road Frame - Black, 62",LL Road Frame,"R ",Black,62,Outdate
261,FR-R38B-62,Components,Road Frames,"LL Road Frame - Black, 62",LL Road Frame,"R ",Black,62,Current
262,FR-R38R-44,Components,Road Frames,"LL Road Frame - Red, 44",LL Road Frame,"R ",Red,44,Outdate
263,FR-R38R-44,Components,Road Frames,"LL Road Frame - Red, 44",LL Road Frame,"R ",Red,44,Outdate
264,FR-R38R-48,Components,Road Frames,"LL Road Frame - Red, 48",LL Road Frame,"R ",Red,48,Outdate
265,FR-R38R-48,Components,Road Frames,"LL Road Frame - Red, 48",LL Road Frame,"R ",Red,48,Outdate
266,FR-R38R-52,Components,Road Frames,"LL Road Frame - Red, 52",LL Road Frame,"R ",Red,52,Outdate
267,FR-R38R-52,Components,Road Frames,"LL Road Frame - Red, 52",LL Road Frame,"R ",Red,52,Outdate
268,FR-R38R-58,Components,Road Frames,"LL Road Frame - Red, 58",LL Road Frame,"R ",Red,58,Outdate
269,FR-R38R-58,Components,Road Frames,"LL Road Frame - Red, 58",LL Road Frame,"R ",Red,58,Outdate
270,FR-R38R-60,Components,Road Frames,"LL Road Frame - Red, 60",LL Road Frame,"R ",Red,60,Outdate
271,FR-R38R-60,Components,Road Frames,"LL Road Frame - Red, 60",LL Road Frame,"R ",Red,60,Outdate
272,FR-R38R-62,Components,Road Frames,"LL Road Frame - Red, 62",LL Road Frame,"R ",Red,62,Outdate
273,FR-R38R-62,Components,Road Frames,"LL Road Frame - Red, 62",LL Road Frame,"R ",Red,62,Outdate
274,FR-R72R-44,Components,Road Frames,"ML Road Frame - Red, 44",ML Road Frame,"R ",Red,44,Outdate
275,FR-R72R-48,Components,Road Frames,"ML Road Frame - Red, 48",ML Road Frame,"R ",Red,48,Outdate
276,FR-R72R-52,Components,Road Frames,"ML Road Frame - Red, 52",ML Road Frame,"R ",Red,52,Outdate
277,FR-R72R-58,Components,Road Frames,"ML Road Frame - Red, 58",ML Road Frame,"R ",Red,58,Outdate
278,FR-R72R-60,Components,Road Frames,"ML Road Frame - Red, 60",ML Road Frame,"R ",Red,60,Outdate
279,FR-R38B-44,Components,Road Frames,"LL Road Frame - Black, 44",LL Road Frame,"R ",Black,44,Outdate
280,FR-R38B-44,Components,Road Frames,"LL Road Frame - Black, 44",LL Road Frame,"R ",Black,44,Outdate
281,FR-R38B-44,Components,Road Frames,"LL Road Frame - Black, 44",LL Road Frame,"R ",Black,44,Current
282,FR-R38B-48,Components,Road Frames,"LL Road Frame - Black, 48",LL Road Frame,"R ",Black,48,Outdate
283,FR-R38B-48,Components,Road Frames,"LL Road Frame - Black, 48",LL Road Frame,"R ",Black,48,Outdate
284,FR-R38B-48,Components,Road Frames,"LL Road Frame - Black, 48",LL Road Frame,"R ",Black,48,Current
285,FR-R38B-52,Components,Road Frames,"LL Road Frame - Black, 52",LL Road Frame,"R ",Black,52,Outdate
286,FR-R38B-52,Components,Road Frames,"LL Road Frame - Black, 52",LL Road Frame,"R ",Black,52,Outdate
287,FR-R38B-52,Components,Road Frames,"LL Road Frame - Black, 52",LL Road Frame,"R ",Black,52,Current
288,FR-M94S-42,Components,Mountain Frames,"HL Mountain Frame - Silver, 42",HL Mountain Frame,"M ",Silver,42,Outdate
289,FR-M94S-42,Components,Mountain Frames,"HL Mountain Frame - Silver, 42",HL Mountain Frame,"M ",Silver,42,Outdate
290,FR-M94S-42,Components,Mountain Frames,"HL Mountain Frame - Silver, 42",HL Mountain Frame,"M ",Silver,42,Current
291,FR-M94S-44,Components,Mountain Frames,"HL Mountain Frame - Silver, 44",HL Mountain Frame,"M ",Silver,44,Outdate
292,FR-M94S-52,Components,Mountain Frames,"HL Mountain Frame - Silver, 48",HL Mountain Frame,"M ",Silver,48,Outdate
293,FR-M94S-46,Components,Mountain Frames,"HL Mountain Frame - Silver, 46",HL Mountain Frame,"M ",Silver,46,Outdate
294,FR-M94S-46,Components,Mountain Frames,"HL Mountain Frame - Silver, 46",HL Mountain Frame,"M ",Silver,46,Outdate
295,FR-M94S-46,Components,Mountain Frames,"HL Mountain Frame - Silver, 46",HL Mountain Frame,"M ",Silver,46,Current
296,FR-M94B-42,Components,Mountain Frames,"HL Mountain Frame - Black, 42",HL Mountain Frame,"M ",Black,42,Outdate
297,FR-M94B-42,Components,Mountain Frames,"HL Mountain Frame - Black, 42",HL Mountain Frame,"M ",Black,42,Outdate
298,FR-M94B-42,Components,Mountain Frames,"HL Mountain Frame - Black, 42",HL Mountain Frame,"M ",Black,42,Current
299,FR-M94B-44,Components,Mountain Frames,"HL Mountain Frame - Black, 44",HL Mountain Frame,"M ",Black,44,Outdate
300,FR-M94B-48,Components,Mountain Frames,"HL Mountain Frame - Black, 48",HL Mountain Frame,"M ",Black,48,Outdate
301,FR-M94B-46,Components,Mountain Frames,"HL Mountain Frame - Black, 46",HL Mountain Frame,"M ",Black,46,Outdate
302,FR-M94B-46,Components,Mountain Frames,"HL Mountain Frame - Black, 46",HL Mountain Frame,"M ",Black,46,Outdate
303,FR-M94B-46,Components,Mountain Frames,"HL Mountain Frame - Black, 46",HL Mountain Frame,"M ",Black,46,Current
304,FR-M94B-38,Components,Mountain Frames,"HL Mountain Frame - Black, 38",HL Mountain Frame,"M ",Black,38,Outdate
305,FR-M94B-38,Components,Mountain Frames,"HL Mountain Frame - Black, 38",HL Mountain Frame,"M ",Black,38,Outdate
306,FR-M94B-38,Components,Mountain Frames,"HL Mountain Frame - Black, 38",HL Mountain Frame,"M ",Black,38,Current
307,FR-M94S-38,Components,Mountain Frames,"HL Mountain Frame - Silver, 38",HL Mountain Frame,"M ",Silver,38,Outdate
308,FR-M94S-38,Components,Mountain Frames,"HL Mountain Frame - Silver, 38",HL Mountain Frame,"M ",Silver,38,Outdate
309,FR-M94S-38,Components,Mountain Frames,"HL Mountain Frame - Silver, 38",HL Mountain Frame,"M ",Silver,38,Current
310,BK-R93R-62,Bikes,Road Bikes,"Road-150 Red, 62",Road-150,"R ",Red,62,Outdate
311,BK-R93R-44,Bikes,Road Bikes,"Road-150 Red, 44",Road-150,"R ",Red,44,Outdate
312,BK-R93R-48,Bikes,Road Bikes,"Road-150 Red, 48",Road-150,"R ",Red,48,Outdate
313,BK-R93R-52,Bikes,Road Bikes,"Road-150 Red, 52",Road-150,"R ",Red,52,Outdate
314,BK-R93R-56,Bikes,Road Bikes,"Road-150 Red, 56",Road-150,"R ",Red,56,Outdate
315,BK-R68R-58,Bikes,Road Bikes,"Road-450 Red, 58",Road-450,"R ",Red,58,Outdate
316,BK-R68R-60,Bikes,Road Bikes,"Road-450 Red, 60",Road-450,"R ",Red,60,Outdate
317,BK-R68R-44,Bikes,Road Bikes,"Road-450 Red, 44",Road-450,"R ",Red,44,Outdate
318,BK-R68R-48,Bikes,Road Bikes,"Road-450 Red, 48",Road-450,"R ",Red,48,Outdate
319,BK-R68R-52,Bikes,Road Bikes,"Road-450 Red, 52",Road-450,"R ",Red,52,Outdate
320,BK-R50R-58,Bikes,Road Bikes,"Road-650 Red, 58",Road-650,"R ",Red,58,Outdate
321,BK-R50R-58,Bikes,Road Bikes,"Road-650 Red, 58",Road-650,"R ",Red,58,Outdate
322,BK-R50R-60,Bikes,Road Bikes,"Road-650 Red, 60",Road-650,"R ",Red,60,Outdate
323,BK-R50R-60,Bikes,Road Bikes,"Road-650 Red, 60",Road-650,"R ",Red,60,Outdate
324,BK-R50R-62,Bikes,Road Bikes,"Road-650 Red, 62",Road-650,"R ",Red,62,Outdate
325,BK-R50R-62,Bikes,Road Bikes,"Road-650 Red, 62",Road-650,"R ",Red,62,Outdate
326,BK-R50R-44,Bikes,Road Bikes,"Road-650 Red, 44",Road-650,"R ",Red,44,Outdate
327,BK-R50R-44,Bikes,Road Bikes,"Road-650 Red, 44",Road-650,"R ",Red,44,Outdate
328,BK-R50R-48,Bikes,Road Bikes,"Road-650 Red, 48",Road-650,"R ",Red,48,Outdate
329,BK-R50R-48,Bikes,Road Bikes,"Road-650 Red, 48",Road-650,"R ",Red,48,Outdate
330,BK-R50R-52,Bikes,Road Bikes,"Road-650 Red, 52",Road-650,"R ",Red,52,Outdate
331,BK-R50R-52,Bikes,Road Bikes,"Road-650 Red, 52",Road-650,"R ",Red,52,Outdate
332,BK-R50B-58,Bikes,Road Bikes,"Road-650 Black, 58",Road-650,"R ",Black,58,Outdate
333,BK-R50B-58,Bikes,Road Bikes,"Road-650 Black, 58",Road-650,"R ",Black,58,Outdate
334,BK-R50B-60,Bikes,Road Bikes,"Road-650 Black, 60",Road-650,"R ",Black,60,Outdate
335,BK-R50B-60,Bikes,Road Bikes,"Road-650 Black, 60",Road-650,"R ",Black,60,Outdate
336,BK-R50B-62,Bikes,Road Bikes,"Road-650 Black, 62",Road-650,"R ",Black,62,Outdate
337,BK-R50B-62,Bikes,Road Bikes,"Road-650 Black, 62",Road-650,"R ",Black,62,Outdate
338,BK-R50B-44,Bikes,Road Bikes,"Road-650 Black, 44",Road-650,"R ",Black,44,Outdate
339,BK-R50B-44,Bikes,Road Bikes,"Road-650 Black, 44",Road-650,"R ",Black,44,Outdate
340,BK-R50B-48,Bikes,Road Bikes,"Road-650 Black, 48",Road-650,"R ",Black,48,Outdate
341,BK-R50B-48,Bikes,Road Bikes,"Road-650 Black, 48",Road-650,"R ",Black,48,Outdate
342,BK-R50B-52,Bikes,Road Bikes,"Road-650 Black, 52",Road-650,"R ",Black,52,Outdate
343,BK-R50B-52,Bikes,Road Bikes,"Road-650 Black, 52",Road-650,"R ",Black,52,Outdate
344,BK-M82S-38,Bikes,Mountain Bikes,"Mountain-100 Silver, 38",Mountain-100,"M ",Silver,38,Outdate
345,BK-M82S-42,Bikes,Mountain Bikes,"Mountain-100 Silver, 42",Mountain-100,"M ",Silver,42,Outdate
346,BK-M82S-44,Bikes,Mountain Bikes,"Mountain-100 Silver, 44",Mountain-100,"M ",Silver,44,Outdate
347,BK-M82S-48,Bikes,Mountain Bikes,"Mountain-100 Silver, 48",Mountain-100,"M ",Silver,48,Outdate
348,BK-M82B-38,Bikes,Mountain Bikes,"Mountain-100 Black, 38",Mountain-100,"M ",Black,38,Outdate
349,BK-M82B-42,Bikes,Mountain Bikes,"Mountain-100 Black, 42",Mountain-100,"M ",Black,42,Outdate
350,BK-M82B-44,Bikes,Mountain Bikes,"Mountain-100 Black, 44",Mountain-100,"M ",Black,44,Outdate
351,BK-M82B-48,Bikes,Mountain Bikes,"Mountain-100 Black, 48",Mountain-100,"M ",Black,48,Outdate
352,BK-M68S-38,Bikes,Mountain Bikes,"Mountain-200 Silver, 38",Mountain-200,"M ",Silver,38,Outdate
353,BK-M68S-38,Bikes,Mountain Bikes,"Mountain-200 Silver, 38",Mountain-200,"M ",Silver,38,Current
354,BK-M68S-42,Bikes,Mountain Bikes,"Mountain-200 Silver, 42",Mountain-200,"M ",Silver,42,Outdate
355,BK-M68S-42,Bikes,Mountain Bikes,"Mountain-200 Silver, 42",Mountain-200,"M ",Silver,42,Current
356,BK-M68S-46,Bikes,Mountain Bikes,"Mountain-200 Silver, 46",Mountain-200,"M ",Silver,46,Outdate
357,BK-M68S-46,Bikes,Mountain Bikes,"Mountain-200 Silver, 46",Mountain-200,"M ",Silver,46,Current
358,BK-M68B-38,Bikes,Mountain Bikes,"Mountain-200 Black, 38",Mountain-200,"M ",Black,38,Outdate
359,BK-M68B-38,Bikes,Mountain Bikes,"Mountain-200 Black, 38",Mountain-200,"M ",Black,38,Current
360,BK-M68B-42,Bikes,Mountain Bikes,"Mountain-200 Black, 42",Mountain-200,"M ",Black,42,Outdate
361,BK-M68B-42,Bikes,Mountain Bikes,"Mountain-200 Black, 42",Mountain-200,"M ",Black,42,Current
362,BK-M68B-46,Bikes,Mountain Bikes,"Mountain-200 Black, 46",Mountain-200,"M ",Black,46,Outdate
363,BK-M68B-46,Bikes,Mountain Bikes,"Mountain-200 Black, 46",Mountain-200,"M ",Black,46,Current
364,BK-M47B-38,Bikes,Mountain Bikes,"Mountain-300 Black, 38",Mountain-300,"M ",Black,38,Outdate
365,BK-M47B-40,Bikes,Mountain Bikes,"Mountain-300 Black, 40",Mountain-300,"M ",Black,40,Outdate
366,BK-M47B-44,Bikes,Mountain Bikes,"Mountain-300 Black, 44",Mountain-300,"M ",Black,44,Outdate
367,BK-M47B-48,Bikes,Mountain Bikes,"Mountain-300 Black, 48",Mountain-300,"M ",Black,48,Outdate
368,BK-R89R-44,Bikes,Road Bikes,"Road-250 Red, 44",Road-250,"R ",Red,44,Outdate
369,BK-R89R-48,Bikes,Road Bikes,"Road-250 Red, 48",Road-250,"R ",Red,48,Outdate
370,BK-R89R-52,Bikes,Road Bikes,"Road-250 Red, 52",Road-250,"R ",Red,52,Outdate
371,BK-R89R-58,Bikes,Road Bikes,"Road-250 Red, 58",Road-250,"R ",Red,58,Outdate
372,BK-R89R-58,Bikes,Road Bikes,"Road-250 Red, 58",Road-250,"R ",Red,58,Current
373,BK-R89B-44,Bikes,Road Bikes,"Road-250 Black, 44",Road-250,"R ",Black,44,Outdate
374,BK-R89B-44,Bikes,Road Bikes,"Road-250 Black, 44",Road-250,"R ",Black,44,Current
375,BK-R89B-48,Bikes,Road Bikes,"Road-250 Black, 48",Road-250,"R ",Black,48,Outdate
376,BK-R89B-48,Bikes,Road Bikes,"Road-250 Black, 48",Road-250,"R ",Black,48,Current
377,BK-R89B-52,Bikes,Road Bikes,"Road-250 Black, 52",Road-250,"R ",Black,52,Outdate
378,BK-R89B-52,Bikes,Road Bikes,"Road-250 Black, 52",Road-250,"R ",Black,52,Current
379,BK-R89B-58,Bikes,Road Bikes,"Road-250 Black, 58",Road-250,"R ",Black,58,Outdate
380,BK-R89B-58,Bikes,Road Bikes,"Road-250 Black, 58",Road-250,"R ",Black,58,Current
381,BK-R64Y-38,Bikes,Road Bikes,"Road-550-W Yellow, 38",Road-550-W,"R ",Yellow,38,Outdate
382,BK-R64Y-38,Bikes,Road Bikes,"Road-550-W Yellow, 38",Road-550-W,"R ",Yellow,38,Current
383,BK-R64Y-40,Bikes,Road Bikes,"Road-550-W Yellow, 40",Road-550-W,"R ",Yellow,40,Outdate
384,BK-R64Y-40,Bikes,Road Bikes,"Road-550-W Yellow, 40",Road-550-W,"R ",Yellow,40,Current
385,BK-R64Y-42,Bikes,Road Bikes,"Road-550-W Yellow, 42",Road-550-W,"R ",Yellow,42,Outdate
386,BK-R64Y-42,Bikes,Road Bikes,"Road-550-W Yellow, 42",Road-550-W,"R ",Yellow,42,Current
387,BK-R64Y-44,Bikes,Road Bikes,"Road-550-W Yellow, 44",Road-550-W,"R ",Yellow,44,Outdate
388,BK-R64Y-44,Bikes,Road Bikes,"Road-550-W Yellow, 44",Road-550-W,"R ",Yellow,44,Current
389,BK-R64Y-48,Bikes,Road Bikes,"Road-550-W Yellow, 48",Road-550-W,"R ",Yellow,48,Outdate
390,BK-R64Y-48,Bikes,Road Bikes,"Road-550-W Yellow, 48",Road-550-W,"R ",Yellow,48,Current
391,FK-1639,Components,Forks,LL Fork,LL Fork,NULL,NA,NULL,Outdate
392,FK-5136,Components,Forks,ML Fork,ML Fork,NULL,NA,NULL,Outdate
393,FK-9939,Components,Forks,HL Fork,HL Fork,NULL,NA,NULL,Outdate
394,HS-0296,Components,Headsets,LL Headset,LL Headset,NULL,NA,NULL,Outdate
395,HS-2451,Components,Headsets,ML Headset,ML Headset,NULL,NA,NULL,Outdate
396,HS-3479,Components,Headsets,HL Headset,HL Headset,NULL,NA,NULL,Outdate
397,HB-M243,Components,Handlebars,LL Mountain Handlebars,LL Mountain Handlebars,"M ",NA,NULL,Outdate
398,HB-M243,Components,Handlebars,LL Mountain Handlebars,LL Mountain Handlebars,"M ",NA,NULL,Current
399,HB-M763,Components,Handlebars,ML Mountain Handlebars,ML Mountain Handlebars,"M ",NA,NULL,Outdate
400,HB-M763,Components,Handlebars,ML Mountain Handlebars,ML Mountain Handlebars,"M ",NA,NULL,Current
401,HB-M918,Components,Handlebars,HL Mountain Handlebars,HL Mountain Handlebars,"M ",NA,NULL,Outdate
402,HB-M918,Components,Handlebars,HL Mountain Handlebars,HL Mountain Handlebars,"M ",NA,NULL,Current
403,HB-R504,Components,Handlebars,LL Road Handlebars,LL Road Handlebars,"R ",NA,NULL,Outdate
404,HB-R504,Components,Handlebars,LL Road Handlebars,LL Road Handlebars,"R ",NA,NULL,Current
405,HB-R720,Components,Handlebars,ML Road Handlebars,ML Road Handlebars,"R ",NA,NULL,Outdate
406,HB-R720,Components,Handlebars,ML Road Handlebars,ML Road Handlebars,"R ",NA,NULL,Current
407,HB-R956,Components,Handlebars,HL Road Handlebars,HL Road Handlebars,"R ",NA,NULL,Outdate
408,HB-R956,Components,Handlebars,HL Road Handlebars,HL Road Handlebars,"R ",NA,NULL,Current
409,FR-M63B-38,Components,Mountain Frames,"ML Mountain Frame - Black, 38",ML Mountain Frame-W,"M ",Black,38,Outdate
410,FW-M423,Components,Wheels,LL Mountain Front Wheel,LL Mountain Front Wheel,"M ",Black,NULL,Outdate
411,FW-M762,Components,Wheels,ML Mountain Front Wheel,ML Mountain Front Wheel,"M ",Black,NULL,Outdate
412,FW-M928,Components,Wheels,HL Mountain Front Wheel,HL Mountain Front Wheel,"M ",Black,NULL,Outdate
413,FW-R623,Components,Wheels,LL Road Front Wheel,LL Road Front Wheel,"R ",Black,NULL,Outdate
414,FW-R762,Components,Wheels,ML Road Front Wheel,ML Road Front Wheel,"R ",Black,NULL,Outdate
415,FW-R820,Components,Wheels,HL Road Front Wheel,HL Road Front Wheel,"R ",Black,NULL,Outdate
416,FW-T905,Components,Wheels,Touring Front Wheel,Touring Front Wheel,"T ",Black,NULL,Outdate
417,FR-R72Y-38,Components,Road Frames,"ML Road Frame-W - Yellow, 38",ML Road Frame-W,"R ",Yellow,38,Outdate
418,FR-R72Y-38,Components,Road Frames,"ML Road Frame-W - Yellow, 38",ML Road Frame-W,"R ",Yellow,38,Current
419,RW-M423,Components,Wheels,LL Mountain Rear Wheel,LL Mountain Rear Wheel,"M ",Black,NULL,Outdate
420,RW-M762,Components,Wheels,ML Mountain Rear Wheel,ML Mountain Rear Wheel,"M ",Black,NULL,Outdate
421,RW-M928,Components,Wheels,HL Mountain Rear Wheel,HL Mountain Rear Wheel,"M ",Black,NULL,Outdate
422,RW-R623,Components,Wheels,LL Road Rear Wheel,LL Road Rear Wheel,"R ",Black,NULL,Outdate
423,RW-R762,Components,Wheels,ML Road Rear Wheel,ML Road Rear Wheel,"R ",Black,NULL,Outdate
424,RW-R820,Components,Wheels,HL Road Rear Wheel,HL Road Rear Wheel,"R ",Black,NULL,Outdate
425,RW-T905,Components,Wheels,Touring Rear Wheel,Touring Rear Wheel,"T ",Black,NULL,Outdate
426,FR-M63B-40,Components,Mountain Frames,"ML Mountain Frame - Black, 40",ML Mountain Frame,"M ",Black,40,Outdate
427,FR-M63B-44,Components,Mountain Frames,"ML Mountain Frame - Black, 44",ML Mountain Frame,"M ",Black,44,Outdate
428,FR-M63B-48,Components,Mountain Frames,"ML Mountain Frame - Black, 48",ML Mountain Frame,"M ",Black,48,Outdate
429,FR-R72Y-40,Components,Road Frames,"ML Road Frame-W - Yellow, 40",ML Road Frame-W,"R ",Yellow,40,Outdate
430,FR-R72Y-40,Components,Road Frames,"ML Road Frame-W - Yellow, 40",ML Road Frame-W,"R ",Yellow,40,Current
431,FR-R72Y-42,Components,Road Frames,"ML Road Frame-W - Yellow, 42",ML Road Frame-W,"R ",Yellow,42,Outdate
432,FR-R72Y-42,Components,Road Frames,"ML Road Frame-W - Yellow, 42",ML Road Frame-W,"R ",Yellow,42,Current
433,FR-R72Y-44,Components,Road Frames,"ML Road Frame-W - Yellow, 44",ML Road Frame-W,"R ",Yellow,44,Outdate
434,FR-R72Y-44,Components,Road Frames,"ML Road Frame-W - Yellow, 44",ML Road Frame-W,"R ",Yellow,44,Current
435,FR-R72Y-48,Components,Road Frames,"ML Road Frame-W - Yellow, 48",ML Road Frame-W,"R ",Yellow,48,Outdate
436,FR-R72Y-48,Components,Road Frames,"ML Road Frame-W - Yellow, 48",ML Road Frame-W,"R ",Yellow,48,Current
437,FR-R92B-62,Components,Road Frames,"HL Road Frame - Black, 62",HL Road Frame,"R ",Black,62,Outdate
438,FR-R92B-62,Components,Road Frames,"HL Road Frame - Black, 62",HL Road Frame,"R ",Black,62,Current
439,FR-R92B-44,Components,Road Frames,"HL Road Frame - Black, 44",HL Road Frame,"R ",Black,44,Outdate
440,FR-R92B-44,Components,Road Frames,"HL Road Frame - Black, 44",HL Road Frame,"R ",Black,44,Current
441,FR-R92B-48,Components,Road Frames,"HL Road Frame - Black, 48",HL Road Frame,"R ",Black,48,Outdate
442,FR-R92B-48,Components,Road Frames,"HL Road Frame - Black, 48",HL Road Frame,"R ",Black,48,Current
443,FR-R92B-52,Components,Road Frames,"HL Road Frame - Black, 52",HL Road Frame,"R ",Black,52,Outdate
444,FR-R92B-52,Components,Road Frames,"HL Road Frame - Black, 52",HL Road Frame,"R ",Black,52,Current
445,SH-M897-S,Clothing,Shorts,"Men's Sports Shorts, S",Men's Sports Shorts,"S ",Black,S,Outdate
446,PA-T100,Accessories,Panniers,"Touring-Panniers, Large",Touring-Panniers,"T ",Grey,NULL,Outdate
447,LO-C100,Accessories,Locks,Cable Lock,Cable Lock,"S ",NA,NULL,Outdate
448,PU-0452,Accessories,Pumps,Minipump,Minipump,"S ",NA,NULL,Outdate
449,PU-M044,Accessories,Pumps,Mountain Pump,Mountain Pump,"M ",NA,NULL,Outdate
450,LT-T990,Accessories,Lights,Taillights - Battery-Powered,Taillight,"R ",NA,NULL,Outdate
451,LT-H902,Accessories,Lights,Headlights - Dual-Beam,Headlights - Dual-Beam,"R ",NA,NULL,Outdate
452,LT-H903,Accessories,Lights,Headlights - Weatherproof,Headlights - Weatherproof,"R ",NA,NULL,Outdate
453,SH-M897-M,Clothing,Shorts,"Men's Sports Shorts, M",Men's Sports Shorts,"S ",Black,M,Outdate
454,SH-M897-L,Clothing,Shorts,"Men's Sports Shorts, L",Men's Sports Shorts,"S ",Black,L,Outdate
455,SH-M897-X,Clothing,Shorts,"Men's Sports Shorts, XL",Men's Sports Shorts,"S ",Black,XL,Outdate
456,TG-W091-S,Clothing,Tights,"Women's Tights, S",Women's Tights,"S ",Black,S,Outdate
457,TG-W091-M,Clothing,Tights,"Women's Tights, M",Women's Tights,"S ",Black,M,Outdate
458,TG-W091-L,Clothing,Tights,"Women's Tights, L",Women's Tights,"S ",Black,L,Outdate
459,SB-M891-S,Clothing,Bib-Shorts,"Men's Bib-Shorts, S",Men's Bib-Shorts,"S ",Multi,S,Outdate
460,SB-M891-M,Clothing,Bib-Shorts,"Men's Bib-Shorts, M",Men's Bib-Shorts,"S ",Multi,M,Outdate
461,SB-M891-L,Clothing,Bib-Shorts,"Men's Bib-Shorts, L",Men's Bib-Shorts,"S ",Multi,L,Outdate
462,GL-H102-S,Clothing,Gloves,"Half-Finger Gloves, S",Half-Finger Gloves,"S ",Black,S,Outdate
463,GL-H102-S,Clothing,Gloves,"Half-Finger Gloves, S",Half-Finger Gloves,"S ",Black,S,Current
464,GL-H102-M,Clothing,Gloves,"Half-Finger Gloves, M",Half-Finger Gloves,"S ",Black,M,Outdate
465,GL-H102-M,Clothing,Gloves,"Half-Finger Gloves, M",Half-Finger Gloves,"S ",Black,M,Current
466,GL-H102-L,Clothing,Gloves,"Half-Finger Gloves, L",Half-Finger Gloves,"S ",Black,L,Outdate
467,GL-H102-L,Clothing,Gloves,"Half-Finger Gloves, L",Half-Finger Gloves,"S ",Black,L,Current
468,GL-F110-S,Clothing,Gloves,"Full-Finger Gloves, S",Full-Finger Gloves,"M ",Black,S,Outdate
469,GL-F110-M,Clothing,Gloves,"Full-Finger Gloves, M",Full-Finger Gloves,"M ",Black,M,Outdate
470,GL-F110-L,Clothing,Gloves,"Full-Finger Gloves, L",Full-Finger Gloves,"M ",Black,L,Outdate
471,VE-C304-S,Clothing,Vests,"Classic Vest, S",Classic Vest,"S ",Blue,S,Current
472,VE-C304-M,Clothing,Vests,"Classic Vest, M",Classic Vest,"S ",Blue,M,Current
473,VE-C304-L,Clothing,Vests,"Classic Vest, L",Classic Vest,"S ",Blue,L,Current
474,SH-W890-S,Clothing,Shorts,"Women's Mountain Shorts, S",Women's Mountain Shorts,"M ",Black,S,Current
475,SH-W890-M,Clothing,Shorts,"Women's Mountain Shorts, M",Women's Mountain Shorts,"M ",Black,M,Current
476,SH-W890-L,Clothing,Shorts,"Women's Mountain Shorts, L",Women's Mountain Shorts,"M ",Black,L,Current
477,WB-H098,Accessories,Bottles and Cages,Water Bottle - 30 oz.,Water Bottle,"S ",NA,NULL,Current
478,BC-M005,Accessories,Bottles and Cages,Mountain Bottle Cage,Mountain Bottle Cage,"M ",NA,NULL,Current
479,BC-R205,Accessories,Bottles and Cages,Road Bottle Cage,Road Bottle Cage,"R ",NA,NULL,Current
480,PK-7098,Accessories,Tires and Tubes,Patch Kit/8 Patches,Patch kit,"S ",NA,NULL,Current
481,SO-R809-M,Clothing,Socks,"Racing Socks, M",Racing Socks,"R ",White,M,Current
482,SO-R809-L,Clothing,Socks,"Racing Socks, L",Racing Socks,"R ",White,L,Current
483,RA-H123,Accessories,Bike Racks,Hitch Rack - 4-Bike,Hitch Rack - 4-Bike,"S ",NA,NULL,Current
484,CL-9009,Accessories,Cleaners,Bike Wash - Dissolver,Bike Wash,"S ",NA,NULL,Current
485,FE-6654,Accessories,Fenders,Fender Set - Mountain,Fender Set - Mountain,"M ",NA,NULL,Current
486,ST-1401,Accessories,Bike Stands,All-Purpose Bike Stand,All-Purpose Bike Stand,"M ",NA,NULL,Current
487,HY-1023-70,Accessories,Hydration Packs,Hydration Pack - 70 oz.,Hydration Pack,"S ",Silver,70,Current
488,SJ-0194-S,Clothing,Jerseys,"Short-Sleeve Classic Jersey, S",Short-Sleeve Classic Jersey,"S ",Yellow,S,Current
489,SJ-0194-M,Clothing,Jerseys,"Short-Sleeve Classic Jersey, M",Short-Sleeve Classic Jersey,"S ",Yellow,M,Current
490,SJ-0194-L,Clothing,Jerseys,"Short-Sleeve Classic Jersey, L",Short-Sleeve Classic Jersey,"S ",Yellow,L,Current
491,SJ-0194-X,Clothing,Jerseys,"Short-Sleeve Classic Jersey, XL",Short-Sleeve Classic Jersey,"S ",Yellow,XL,Current
492,FR-T98Y-60,Components,Touring Frames,"HL Touring Frame - Yellow, 60",HL Touring Frame,"T ",Yellow,60,Current
493,FR-T67Y-62,Components,Touring Frames,"LL Touring Frame - Yellow, 62",LL Touring Frame,"T ",Yellow,62,Current
494,FR-T98Y-46,Components,Touring Frames,"HL Touring Frame - Yellow, 46",HL Touring Frame,"T ",Yellow,46,Current
495,FR-T98Y-50,Components,Touring Frames,"HL Touring Frame - Yellow, 50",HL Touring Frame,"T ",Yellow,50,Current
496,FR-T98Y-54,Components,Touring Frames,"HL Touring Frame - Yellow, 54",HL Touring Frame,"T ",Yellow,54,Current
497,FR-T98U-46,Components,Touring Frames,"HL Touring Frame - Blue, 46",HL Touring Frame,"T ",Blue,46,Current
498,FR-T98U-50,Components,Touring Frames,"HL Touring Frame - Blue, 50",HL Touring Frame,"T ",Blue,50,Current
499,FR-T98U-54,Components,Touring Frames,"HL Touring Frame - Blue, 54",HL Touring Frame,"T ",Blue,54,Current
500,FR-T98U-60,Components,Touring Frames,"HL Touring Frame - Blue, 60",HL Touring Frame,"T ",Blue,60,Current
501,RD-2308,Components,Derailleurs,Rear Derailleur,Rear Derailleur,NULL,Silver,NULL,Current
502,FR-T67U-50,Components,Touring Frames,"LL Touring Frame - Blue, 50",LL Touring Frame,"T ",Blue,50,Current
503,FR-T67U-54,Components,Touring Frames,"LL Touring Frame - Blue, 54",LL Touring Frame,"T ",Blue,54,Current
504,FR-T67U-58,Components,Touring Frames,"LL Touring Frame - Blue, 58",LL Touring Frame,"T ",Blue,58,Current
505,FR-T67U-62,Components,Touring Frames,"LL Touring Frame - Blue, 62",LL Touring Frame,"T ",Blue,62,Current
506,FR-T67Y-44,Components,Touring Frames,"LL Touring Frame - Yellow, 44",LL Touring Frame,"T ",Yellow,44,Current
507,FR-T67Y-50,Components,Touring Frames,"LL Touring Frame - Yellow, 50",LL Touring Frame,"T ",Yellow,50,Current
508,FR-T67Y-54,Components,Touring Frames,"LL Touring Frame - Yellow, 54",LL Touring Frame,"T ",Yellow,54,Current
509,FR-T67Y-58,Components,Touring Frames,"LL Touring Frame - Yellow, 58",LL Touring Frame,"T ",Yellow,58,Current
510,FR-T67U-44,Components,Touring Frames,"LL Touring Frame - Blue, 44",LL Touring Frame,"T ",Blue,44,Current
511,FR-M63S-40,Components,Mountain Frames,"ML Mountain Frame-W - Silver, 40",ML Mountain Frame-W,"M ",Silver,40,Current
512,FR-M63S-42,Components,Mountain Frames,"ML Mountain Frame-W - Silver, 42",ML Mountain Frame-W,"M ",Silver,42,Current
513,FR-M63S-46,Components,Mountain Frames,"ML Mountain Frame-W - Silver, 46",ML Mountain Frame-W,"M ",Silver,46,Current
514,RB-9231,Components,Brakes,Rear Brakes,Rear Brakes,NULL,Silver,NULL,Current
515,SE-M236,Components,Saddles,LL Mountain Seat/Saddle,LL Mountain Seat/Saddle 2,"M ",NA,NULL,Current
516,SE-M798,Components,Saddles,ML Mountain Seat/Saddle,ML Mountain Seat/Saddle 2,"M ",NA,NULL,Current
517,SE-M940,Components,Saddles,HL Mountain Seat/Saddle,HL Mountain Seat/Saddle 2,"M ",NA,NULL,Current
518,SE-R581,Components,Saddles,LL Road Seat/Saddle,LL Road Seat/Saddle 1,"R ",NA,NULL,Current
519,SE-R908,Components,Saddles,ML Road Seat/Saddle,ML Road Seat/Saddle 2,"T ",NA,NULL,Current
520,SE-R995,Components,Saddles,HL Road Seat/Saddle,HL Road Seat/Saddle 2,"R ",NA,NULL,Current
521,SE-T312,Components,Saddles,LL Touring Seat/Saddle,LL Touring Seat/Saddle,"T ",NA,NULL,Current
522,SE-T762,Components,Saddles,ML Touring Seat/Saddle,ML Touring Seat/Saddle,"T ",NA,NULL,Current
523,SE-T924,Components,Saddles,HL Touring Seat/Saddle,HL Touring Seat/Saddle,"T ",NA,NULL,Current
524,FR-M21S-42,Components,Mountain Frames,"LL Mountain Frame - Silver, 42",LL Mountain Frame,"M ",Silver,42,Current
525,FR-M21S-44,Components,Mountain Frames,"LL Mountain Frame - Silver, 44",LL Mountain Frame,"M ",Silver,44,Current
526,FR-M21S-48,Components,Mountain Frames,"LL Mountain Frame - Silver, 48",LL Mountain Frame,"M ",Silver,48,Current
527,FR-M21S-52,Components,Mountain Frames,"LL Mountain Frame - Silver, 52",LL Mountain Frame,"M ",Silver,52,Current
528,TT-M928,Accessories,Tires and Tubes,Mountain Tire Tube,Mountain Tire Tube,"M ",NA,NULL,Current
529,TT-R982,Accessories,Tires and Tubes,Road Tire Tube,Road Tire Tube,"R ",NA,NULL,Current
530,TT-T092,Accessories,Tires and Tubes,Touring Tire Tube,Touring Tire Tube,"T ",NA,NULL,Current
531,FR-M21B-42,Components,Mountain Frames,"LL Mountain Frame - Black, 42",LL Mountain Frame,"M ",Black,42,Current
532,FR-M21B-44,Components,Mountain Frames,"LL Mountain Frame - Black, 44",LL Mountain Frame,"M ",Black,44,Current
533,FR-M21B-48,Components,Mountain Frames,"LL Mountain Frame - Black, 48",LL Mountain Frame,"M ",Black,48,Current
534,FR-M21B-52,Components,Mountain Frames,"LL Mountain Frame - Black, 52",LL Mountain Frame,"M ",Black,52,Current
535,TI-M267,Accessories,Tires and Tubes,LL Mountain Tire,LL Mountain Tire,"M ",NA,NULL,Current
536,TI-M602,Accessories,Tires and Tubes,ML Mountain Tire,ML Mountain Tire,"M ",NA,NULL,Current
537,TI-M823,Accessories,Tires and Tubes,HL Mountain Tire,HL Mountain Tire,"M ",NA,NULL,Current
538,TI-R092,Accessories,Tires and Tubes,LL Road Tire,LL Road Tire,"R ",NA,NULL,Current
539,TI-R628,Accessories,Tires and Tubes,ML Road Tire,ML Road Tire,"R ",NA,NULL,Current
540,TI-R982,Accessories,Tires and Tubes,HL Road Tire,HL Road Tire,"R ",NA,NULL,Current
541,TI-T723,Accessories,Tires and Tubes,Touring Tire,Touring Tire,"T ",NA,NULL,Current
542,PD-M282,Components,Pedals,LL Mountain Pedal,LL Mountain Pedal,"M ",Silver/Black,NULL,Current
543,PD-M340,Components,Pedals,ML Mountain Pedal,ML Mountain Pedal,"M ",Silver/Black,NULL,Current
544,PD-M562,Components,Pedals,HL Mountain Pedal,HL Mountain Pedal,"M ",Silver/Black,NULL,Current
545,PD-R347,Components,Pedals,LL Road Pedal,LL Road Pedal,"R ",Silver/Black,NULL,Current
546,PD-R563,Components,Pedals,ML Road Pedal,ML Road Pedal,"R ",Silver/Black,NULL,Current
547,PD-R853,Components,Pedals,HL Road Pedal,HL Road Pedal,"R ",Silver/Black,NULL,Current
548,PD-T852,Components,Pedals,Touring Pedal,Touring Pedal,"T ",Silver/Black,NULL,Current
549,FR-M63S-38,Components,Mountain Frames,"ML Mountain Frame-W - Silver, 38",ML Mountain Frame-W,"M ",Silver,38,Current
550,FR-M21B-40,Components,Mountain Frames,"LL Mountain Frame - Black, 40",LL Mountain Frame,"M ",Black,40,Current
551,FR-M21S-40,Components,Mountain Frames,"LL Mountain Frame - Silver, 40",LL Mountain Frame,"M ",Silver,40,Current
552,FD-2342,Components,Derailleurs,Front Derailleur,Front Derailleur,NULL,Silver,NULL,Current
553,HB-T721,Components,Handlebars,LL Touring Handlebars,LL Touring Handlebars,"T ",NA,NULL,Current
554,HB-T928,Components,Handlebars,HL Touring Handlebars,HL Touring Handlebars,"T ",NA,NULL,Current
555,FB-9873,Components,Brakes,Front Brakes,Front Brakes,NULL,Silver,NULL,Current
556,CS-4759,Components,Cranksets,LL Crankset,LL Crankset,NULL,Black,NULL,Current
557,CS-6583,Components,Cranksets,ML Crankset,ML Crankset,NULL,Black,NULL,Current
558,CS-9183,Components,Cranksets,HL Crankset,HL Crankset,NULL,Black,NULL,Current
559,CH-0234,Components,Chains,Chain,Chain,NULL,Silver,NULL,Current
560,BK-T44U-60,Bikes,Touring Bikes,"Touring-2000 Blue, 60",Touring-2000,"T ",Blue,60,Current
561,BK-T79Y-46,Bikes,Touring Bikes,"Touring-1000 Yellow, 46",Touring-1000,"T ",Yellow,46,Current
562,BK-T79Y-50,Bikes,Touring Bikes,"Touring-1000 Yellow, 50",Touring-1000,"T ",Yellow,50,Current
563,BK-T79Y-54,Bikes,Touring Bikes,"Touring-1000 Yellow, 54",Touring-1000,"T ",Yellow,54,Current
564,BK-T79Y-60,Bikes,Touring Bikes,"Touring-1000 Yellow, 60",Touring-1000,"T ",Yellow,60,Current
565,BK-T18U-54,Bikes,Touring Bikes,"Touring-3000 Blue, 54",Touring-3000,"T ",Blue,54,Current
566,BK-T18U-58,Bikes,Touring Bikes,"Touring-3000 Blue, 58",Touring-3000,"T ",Blue,58,Current
567,BK-T18U-62,Bikes,Touring Bikes,"Touring-3000 Blue, 62",Touring-3000,"T ",Blue,62,Current
568,BK-T18Y-44,Bikes,Touring Bikes,"Touring-3000 Yellow, 44",Touring-3000,"T ",Yellow,44,Current
569,BK-T18Y-50,Bikes,Touring Bikes,"Touring-3000 Yellow, 50",Touring-3000,"T ",Yellow,50,Current
570,BK-T18Y-54,Bikes,Touring Bikes,"Touring-3000 Yellow, 54",Touring-3000,"T ",Yellow,54,Current
571,BK-T18Y-58,Bikes,Touring Bikes,"Touring-3000 Yellow, 58",Touring-3000,"T ",Yellow,58,Current
572,BK-T18Y-62,Bikes,Touring Bikes,"Touring-3000 Yellow, 62",Touring-3000,"T ",Yellow,62,Current
573,BK-T79U-46,Bikes,Touring Bikes,"Touring-1000 Blue, 46",Touring-1000,"T ",Blue,46,Current
574,BK-T79U-50,Bikes,Touring Bikes,"Touring-1000 Blue, 50",Touring-1000,"T ",Blue,50,Current
575,BK-T79U-54,Bikes,Touring Bikes,"Touring-1000 Blue, 54",Touring-1000,"T ",Blue,54,Current
576,BK-T79U-60,Bikes,Touring Bikes,"Touring-1000 Blue, 60",Touring-1000,"T ",Blue,60,Current
577,BK-T44U-46,Bikes,Touring Bikes,"Touring-2000 Blue, 46",Touring-2000,"T ",Blue,46,Current
578,BK-T44U-50,Bikes,Touring Bikes,"Touring-2000 Blue, 50",Touring-2000,"T ",Blue,50,Current
579,BK-T44U-54,Bikes,Touring Bikes,"Touring-2000 Blue, 54",Touring-2000,"T ",Blue,54,Current
580,BK-R79Y-40,Bikes,Road Bikes,"Road-350-W Yellow, 40",Road-350-W,"R ",Yellow,40,Current
581,BK-R79Y-42,Bikes,Road Bikes,"Road-350-W Yellow, 42",Road-350-W,"R ",Yellow,42,Current
582,BK-R79Y-44,Bikes,Road Bikes,"Road-350-W Yellow, 44",Road-350-W,"R ",Yellow,44,Current
583,BK-R79Y-48,Bikes,Road Bikes,"Road-350-W Yellow, 48",Road-350-W,"R ",Yellow,48,Current
584,BK-R19B-58,Bikes,Road Bikes,"Road-750 Black, 58",Road-750,"R ",Black,58,Current
585,BK-T18U-44,Bikes,Touring Bikes,"Touring-3000 Blue, 44",Touring-3000,"T ",Blue,44,Current
586,BK-T18U-50,Bikes,Touring Bikes,"Touring-3000 Blue, 50",Touring-3000,"T ",Blue,50,Current
587,BK-M38S-38,Bikes,Mountain Bikes,"Mountain-400-W Silver, 38",Mountain-400-W,"M ",Silver,38,Current
588,BK-M38S-40,Bikes,Mountain Bikes,"Mountain-400-W Silver, 40",Mountain-400-W,"M ",Silver,40,Current
589,BK-M38S-42,Bikes,Mountain Bikes,"Mountain-400-W Silver, 42",Mountain-400-W,"M ",Silver,42,Current
590,BK-M38S-46,Bikes,Mountain Bikes,"Mountain-400-W Silver, 46",Mountain-400-W,"M ",Silver,46,Current
591,BK-M18S-40,Bikes,Mountain Bikes,"Mountain-500 Silver, 40",Mountain-500,"M ",Silver,40,Current
592,BK-M18S-42,Bikes,Mountain Bikes,"Mountain-500 Silver, 42",Mountain-500,"M ",Silver,42,Current
593,BK-M18S-44,Bikes,Mountain Bikes,"Mountain-500 Silver, 44",Mountain-500,"M ",Silver,44,Current
594,BK-M18S-48,Bikes,Mountain Bikes,"Mountain-500 Silver, 48",Mountain-500,"M ",Silver,48,Current
595,BK-M18S-52,Bikes,Mountain Bikes,"Mountain-500 Silver, 52",Mountain-500,"M ",Silver,52,Current
596,BK-M18B-40,Bikes,Mountain Bikes,"Mountain-500 Black, 40",Mountain-500,"M ",Black,40,Current
597,BK-M18B-42,Bikes,Mountain Bikes,"Mountain-500 Black, 42",Mountain-500,"M ",Black,42,Current
598,BK-M18B-44,Bikes,Mountain Bikes,"Mountain-500 Black, 44",Mountain-500,"M ",Black,44,Current
599,BK-M18B-48,Bikes,Mountain Bikes,"Mountain-500 Black, 48",Mountain-500,"M ",Black,48,Current
600,BK-M18B-52,Bikes,Mountain Bikes,"Mountain-500 Black, 52",Mountain-500,"M ",Black,52,Current
601,BB-7421,Components,Bottom Brackets,LL Bottom Bracket,LL Bottom Bracket,NULL,NA,NULL,Current
602,BB-8107,Components,Bottom Brackets,ML Bottom Bracket,ML Bottom Bracket,NULL,NA,NULL,Current
603,BB-9108,Components,Bottom Brackets,HL Bottom Bracket,HL Bottom Bracket,NULL,NA,NULL,Current
604,BK-R19B-44,Bikes,Road Bikes,"Road-750 Black, 44",Road-750,"R ",Black,44,Current
605,BK-R19B-48,Bikes,Road Bikes,"Road-750 Black, 48",Road-750,"R ",Black,48,Current
606,BK-R19B-52,Bikes,Road Bikes,"Road-750 Black, 52",Road-750,"R ",Black,52,Current
